datetime_local,elapsed_h,stage_m_MSL
2026-09-23 01:45:00,0.0,-0.609
2026-09-23 02:00:00,0.25,-0.613
2026-09-23 02:15:00,0.5,-0.613
2026-09-23 02:30:00,0.75,-0.608
2026-09-23 02:45:00,1.0,-0.6
2026-09-23 03:00:00,1.25,-0.588
2026-09-23 03:15:00,1.5,-0.574
2026-09-23 03:30:00,1.75,-0.558
2026-09-23 03:45:00,2.0,-0.54
2026-09-23 04:00:00,2.25,-0.522
2026-09-23 04:15:00,2.5,-0.503
2026-09-23 04:30:00,2.75,-0.484
2026-09-23 04:45:00,3.0,-0.467
2026-09-23 05:00:00,3.25,-0.45
2026-09-23 05:15:00,3.5,-0.435
2026-09-23 05:30:00,3.75,-0.422
2026-09-23 05:45:00,4.0,-0.412
2026-09-23 06:00:00,4.25,-0.403
2026-09-23 06:15:00,4.5,-0.398
2026-09-23 06:30:00,4.75,-0.395
2026-09-23 06:45:00,5.0,-0.394
2026-09-23 07:00:00,5.25,-0.396
2026-09-23 07:15:00,5.5,-0.401
2026-09-23 07:30:00,5.75,-0.407
2026-09-23 07:45:00,6.0,-0.415
2026-09-23 08:00:00,6.25,-0.425
2026-09-23 08:15:00,6.5,-0.435
2026-09-23 08:30:00,6.75,-0.445
2026-09-23 08:45:00,7.0,-0.456
2026-09-23 09:00:00,7.25,-0.465
2026-09-23 09:15:00,7.5,-0.474
2026-09-23 09:30:00,7.75,-0.48
2026-09-23 09:45:00,8.0,-0.484
2026-09-23 10:00:00,8.25,-0.484
2026-09-23 10:15:00,8.5,-0.481
2026-09-23 10:30:00,8.75,-0.474
2026-09-23 10:45:00,9.0,-0.463
2026-09-23 11:00:00,9.25,-0.446
2026-09-23 11:15:00,9.5,-0.424
2026-09-23 11:30:00,9.75,-0.397
2026-09-23 11:45:00,10.0,-0.364
2026-09-23 12:00:00,10.25,-0.325
2026-09-23 12:15:00,10.5,-0.28
2026-09-23 12:30:00,10.75,-0.23
2026-09-23 12:45:00,11.0,-0.174
2026-09-23 13:00:00,11.25,-0.113
2026-09-23 13:15:00,11.5,-0.047
2026-09-23 13:30:00,11.75,0.023
2026-09-23 13:45:00,12.0,0.096
2026-09-23 14:00:00,12.25,0.173
2026-09-23 14:15:00,12.5,0.252
2026-09-23 14:30:00,12.75,0.333
2026-09-23 14:45:00,13.0,0.414
2026-09-23 15:00:00,13.25,0.495
2026-09-23 15:15:00,13.5,0.576
2026-09-23 15:30:00,13.75,0.654
2026-09-23 15:45:00,14.0,0.73
2026-09-23 16:00:00,14.25,0.802
2026-09-23 16:15:00,14.5,0.87
2026-09-23 16:30:00,14.75,0.932
2026-09-23 16:45:00,15.0,0.988
2026-09-23 17:00:00,15.25,1.038
2026-09-23 17:15:00,15.5,1.08
2026-09-23 17:30:00,15.75,1.114
2026-09-23 17:45:00,16.0,1.14
2026-09-23 18:00:00,16.25,1.157
2026-09-23 18:15:00,16.5,1.165
2026-09-23 18:30:00,16.75,1.164
2026-09-23 18:45:00,17.0,1.153
2026-09-23 19:00:00,17.25,1.134
2026-09-23 19:15:00,17.5,1.105
2026-09-23 19:30:00,17.75,1.068
2026-09-23 19:45:00,18.0,1.022
2026-09-23 20:00:00,18.25,0.969
2026-09-23 20:15:00,18.5,0.908
2026-09-23 20:30:00,18.75,0.841
2026-09-23 20:45:00,19.0,0.768
2026-09-23 21:00:00,19.25,0.69
2026-09-23 21:15:00,19.5,0.608
2026-09-23 21:30:00,19.75,0.523
2026-09-23 21:45:00,20.0,0.435
2026-09-23 22:00:00,20.25,0.346
2026-09-23 22:15:00,20.5,0.257
2026-09-23 22:30:00,20.75,0.168
2026-09-23 22:45:00,21.0,0.08
2026-09-23 23:00:00,21.25,-0.005
2026-09-23 23:15:00,21.5,-0.088
2026-09-23 23:30:00,21.75,-0.166
2026-09-23 23:45:00,22.0,-0.241
2026-09-24 00:00:00,22.25,-0.31
2026-09-24 00:15:00,22.5,-0.373
2026-09-24 00:30:00,22.75,-0.431
2026-09-24 00:45:00,23.0,-0.483
2026-09-24 01:00:00,23.25,-0.528
2026-09-24 01:15:00,23.5,-0.567
2026-09-24 01:30:00,23.75,-0.599
2026-09-24 01:45:00,24.0,-0.624
2026-09-24 02:00:00,24.25,-0.643
2026-09-24 02:15:00,24.5,-0.657
2026-09-24 02:30:00,24.75,-0.664
2026-09-24 02:45:00,25.0,-0.667
2026-09-24 03:00:00,25.25,-0.664
2026-09-24 03:15:00,25.5,-0.658
2026-09-24 03:30:00,25.75,-0.647
2026-09-24 03:45:00,26.0,-0.634
2026-09-24 04:00:00,26.25,-0.619
2026-09-24 04:15:00,26.5,-0.601
2026-09-24 04:30:00,26.75,-0.583
2026-09-24 04:45:00,27.0,-0.565
2026-09-24 05:00:00,27.25,-0.546
2026-09-24 05:15:00,27.5,-0.528
2026-09-24 05:30:00,27.75,-0.512
2026-09-24 05:45:00,28.0,-0.497
2026-09-24 06:00:00,28.25,-0.485
2026-09-24 06:15:00,28.5,-0.474
2026-09-24 06:30:00,28.75,-0.467
2026-09-24 06:45:00,29.0,-0.462
2026-09-24 07:00:00,29.25,-0.46
2026-09-24 07:15:00,29.5,-0.461
2026-09-24 07:30:00,29.75,-0.464
2026-09-24 07:45:00,30.0,-0.47
2026-09-24 08:00:00,30.25,-0.478
2026-09-24 08:15:00,30.5,-0.488
2026-09-24 08:30:00,30.75,-0.499
2026-09-24 08:45:00,31.0,-0.511
2026-09-24 09:00:00,31.25,-0.523
2026-09-24 09:15:00,31.5,-0.536
2026-09-24 09:30:00,31.75,-0.547
2026-09-24 09:45:00,32.0,-0.557
2026-09-24 10:00:00,32.25,-0.564
2026-09-24 10:15:00,32.5,-0.569
2026-09-24 10:30:00,32.75,-0.57
2026-09-24 10:45:00,33.0,-0.567
2026-09-24 11:00:00,33.25,-0.56
2026-09-24 11:15:00,33.5,-0.548
2026-09-24 11:30:00,33.75,-0.53
2026-09-24 11:45:00,34.0,-0.506
2026-09-24 12:00:00,34.25,-0.476
2026-09-24 12:15:00,34.5,-0.44
2026-09-24 12:30:00,34.75,-0.398
2026-09-24 12:45:00,35.0,-0.349
2026-09-24 13:00:00,35.25,-0.294
2026-09-24 13:15:00,35.5,-0.233
2026-09-24 13:30:00,35.75,-0.166
2026-09-24 13:45:00,36.0,-0.094
2026-09-24 14:00:00,36.25,-0.017
2026-09-24 14:15:00,36.5,0.064
2026-09-24 14:30:00,36.75,0.148
2026-09-24 14:45:00,37.0,0.236
2026-09-24 15:00:00,37.25,0.325
2026-09-24 15:15:00,37.5,0.414
2026-09-24 15:30:00,37.75,0.504
2026-09-24 15:45:00,38.0,0.594
2026-09-24 16:00:00,38.25,0.681
2026-09-24 16:15:00,38.5,0.765
2026-09-24 16:30:00,38.75,0.845
2026-09-24 16:45:00,39.0,0.921
2026-09-24 17:00:00,39.25,0.991
2026-09-24 17:15:00,39.5,1.055
2026-09-24 17:30:00,39.75,1.111
2026-09-24 17:45:00,40.0,1.16
2026-09-24 18:00:00,40.25,1.199
2026-09-24 18:15:00,40.5,1.23
2026-09-24 18:30:00,40.75,1.252
2026-09-24 18:45:00,41.0,1.263
2026-09-24 19:00:00,41.25,1.265
2026-09-24 19:15:00,41.5,1.257
2026-09-24 19:30:00,41.75,1.239
2026-09-24 19:45:00,42.0,1.211
2026-09-24 20:00:00,42.25,1.174
2026-09-24 20:15:00,42.5,1.128
2026-09-24 20:30:00,42.75,1.074
2026-09-24 20:45:00,43.0,1.011
2026-09-24 21:00:00,43.25,0.942
2026-09-24 21:15:00,43.5,0.866
2026-09-24 21:30:00,43.75,0.784
2026-09-24 21:45:00,44.0,0.699
2026-09-24 22:00:00,44.25,0.609
2026-09-24 22:15:00,44.5,0.517
2026-09-24 22:30:00,44.75,0.423
2026-09-24 22:45:00,45.0,0.328
2026-09-24 23:00:00,45.25,0.234
2026-09-24 23:15:00,45.5,0.141
2026-09-24 23:30:00,45.75,0.05
2026-09-24 23:45:00,46.0,-0.037
2026-09-25 00:00:00,46.25,-0.121
2026-09-25 00:15:00,46.5,-0.201
2026-09-25 00:30:00,46.75,-0.275
2026-09-25 00:45:00,47.0,-0.344
2026-09-25 01:00:00,47.25,-0.406
2026-09-25 01:15:00,47.5,-0.462
2026-09-25 01:30:00,47.75,-0.511
2026-09-25 01:45:00,48.0,-0.554
2026-09-25 02:00:00,48.25,-0.589
2026-09-25 02:15:00,48.5,-0.618
2026-09-25 02:30:00,48.75,-0.641
2026-09-25 02:45:00,49.0,-0.657
2026-09-25 03:00:00,49.25,-0.667
2026-09-25 03:15:00,49.5,-0.672
2026-09-25 03:30:00,49.75,-0.672
2026-09-25 03:45:00,50.0,-0.667
2026-09-25 04:00:00,50.25,-0.659
2026-09-25 04:15:00,50.5,-0.647
2026-09-25 04:30:00,50.75,-0.633
2026-09-25 04:45:00,51.0,-0.618
2026-09-25 05:00:00,51.25,-0.601
2026-09-25 05:15:00,51.5,-0.584
2026-09-25 05:30:00,51.75,-0.567
2026-09-25 05:45:00,52.0,-0.551
2026-09-25 06:00:00,52.25,-0.536
2026-09-25 06:15:00,52.5,-0.523
2026-09-25 06:30:00,52.75,-0.512
2026-09-25 06:45:00,53.0,-0.504
2026-09-25 07:00:00,53.25,-0.498
2026-09-25 07:15:00,53.5,-0.496
2026-09-25 07:30:00,53.75,-0.496
2026-09-25 07:45:00,54.0,-0.499
2026-09-25 08:00:00,54.25,-0.505
2026-09-25 08:15:00,54.5,-0.513
2026-09-25 08:30:00,54.75,-0.523
2026-09-25 08:45:00,55.0,-0.536
2026-09-25 09:00:00,55.25,-0.549
2026-09-25 09:15:00,55.5,-0.564
2026-09-25 09:30:00,55.75,-0.579
2026-09-25 09:45:00,56.0,-0.593
2026-09-25 10:00:00,56.25,-0.607
2026-09-25 10:15:00,56.5,-0.618
2026-09-25 10:30:00,56.75,-0.628
2026-09-25 10:45:00,57.0,-0.634
2026-09-25 11:00:00,57.25,-0.637
2026-09-25 11:15:00,57.5,-0.635
2026-09-25 11:30:00,57.75,-0.629
2026-09-25 11:45:00,58.0,-0.617
2026-09-25 12:00:00,58.25,-0.599
2026-09-25 12:15:00,58.5,-0.575
2026-09-25 12:30:00,58.75,-0.545
2026-09-25 12:45:00,59.0,-0.508
2026-09-25 13:00:00,59.25,-0.464
2026-09-25 13:15:00,59.5,-0.414
2026-09-25 13:30:00,59.75,-0.357
2026-09-25 13:45:00,60.0,-0.293
2026-09-25 14:00:00,60.25,-0.224
2026-09-25 14:15:00,60.5,-0.148
2026-09-25 14:30:00,60.75,-0.068
2026-09-25 14:45:00,61.0,0.017
2026-09-25 15:00:00,61.25,0.105
2026-09-25 15:15:00,61.5,0.196
2026-09-25 15:30:00,61.75,0.289
2026-09-25 15:45:00,62.0,0.384
2026-09-25 16:00:00,62.25,0.478
2026-09-25 16:15:00,62.5,0.572
2026-09-25 16:30:00,62.75,0.664
2026-09-25 16:45:00,63.0,0.753
2026-09-25 17:00:00,63.25,0.839
2026-09-25 17:15:00,63.5,0.919
2026-09-25 17:30:00,63.75,0.994
2026-09-25 17:45:00,64.0,1.062
2026-09-25 18:00:00,64.25,1.123
2026-09-25 18:15:00,64.5,1.176
2026-09-25 18:30:00,64.75,1.22
2026-09-25 18:45:00,65.0,1.254
2026-09-25 19:00:00,65.25,1.28
2026-09-25 19:15:00,65.5,1.295
2026-09-25 19:30:00,65.75,1.3
2026-09-25 19:45:00,66.0,1.295
2026-09-25 20:00:00,66.25,1.28
2026-09-25 20:15:00,66.5,1.254
2026-09-25 20:30:00,66.75,1.22
2026-09-25 20:45:00,67.0,1.176
2026-09-25 21:00:00,67.25,1.123
2026-09-25 21:15:00,67.5,1.062
2026-09-25 21:30:00,67.75,0.994
2026-09-25 21:45:00,68.0,0.919
2026-09-25 22:00:00,68.25,0.839
2026-09-25 22:15:00,68.5,0.753
2026-09-25 22:30:00,68.75,0.664
2026-09-25 22:45:00,69.0,0.572
2026-09-25 23:00:00,69.25,0.478
2026-09-25 23:15:00,69.5,0.384
2026-09-25 23:30:00,69.75,0.289
2026-09-25 23:45:00,70.0,0.196
2026-09-26 00:00:00,70.25,0.105
2026-09-26 00:15:00,70.5,0.017
2026-09-26 00:30:00,70.75,-0.068
2026-09-26 00:45:00,71.0,-0.148
2026-09-26 01:00:00,71.25,-0.224
2026-09-26 01:15:00,71.5,-0.293
2026-09-26 01:30:00,71.75,-0.357
2026-09-26 01:45:00,72.0,-0.414
2026-09-26 02:00:00,72.25,-0.464
2026-09-26 02:15:00,72.5,-0.508
2026-09-26 02:30:00,72.75,-0.545
2026-09-26 02:45:00,73.0,-0.575
2026-09-26 03:00:00,73.25,-0.599
2026-09-26 03:15:00,73.5,-0.617
2026-09-26 03:30:00,73.75,-0.629
2026-09-26 03:45:00,74.0,-0.635
2026-09-26 04:00:00,74.25,-0.637
2026-09-26 04:15:00,74.5,-0.634
2026-09-26 04:30:00,74.75,-0.628
2026-09-26 04:45:00,75.0,-0.618
2026-09-26 05:00:00,75.25,-0.607
2026-09-26 05:15:00,75.5,-0.593
2026-09-26 05:30:00,75.75,-0.579
2026-09-26 05:45:00,76.0,-0.564
2026-09-26 06:00:00,76.25,-0.549
2026-09-26 06:15:00,76.5,-0.536
2026-09-26 06:30:00,76.75,-0.523
2026-09-26 06:45:00,77.0,-0.513
2026-09-26 07:00:00,77.25,-0.505
2026-09-26 07:15:00,77.5,-0.499
2026-09-26 07:30:00,77.75,-0.496
2026-09-26 07:45:00,78.0,-0.496
2026-09-26 08:00:00,78.25,-0.498
2026-09-26 08:15:00,78.5,-0.504
2026-09-26 08:30:00,78.75,-0.512
2026-09-26 08:45:00,79.0,-0.523
2026-09-26 09:00:00,79.25,-0.536
2026-09-26 09:15:00,79.5,-0.551
2026-09-26 09:30:00,79.75,-0.567
2026-09-26 09:45:00,80.0,-0.584
2026-09-26 10:00:00,80.25,-0.601
2026-09-26 10:15:00,80.5,-0.618
2026-09-26 10:30:00,80.75,-0.633
2026-09-26 10:45:00,81.0,-0.647
2026-09-26 11:00:00,81.25,-0.659
2026-09-26 11:15:00,81.5,-0.667
2026-09-26 11:30:00,81.75,-0.672
2026-09-26 11:45:00,82.0,-0.672
2026-09-26 12:00:00,82.25,-0.667
2026-09-26 12:15:00,82.5,-0.657
2026-09-26 12:30:00,82.75,-0.641
2026-09-26 12:45:00,83.0,-0.618
2026-09-26 13:00:00,83.25,-0.589
2026-09-26 13:15:00,83.5,-0.554
2026-09-26 13:30:00,83.75,-0.511
2026-09-26 13:45:00,84.0,-0.462
2026-09-26 14:00:00,84.25,-0.406
2026-09-26 14:15:00,84.5,-0.344
2026-09-26 14:30:00,84.75,-0.275
2026-09-26 14:45:00,85.0,-0.201
2026-09-26 15:00:00,85.25,-0.121
2026-09-26 15:15:00,85.5,-0.037
2026-09-26 15:30:00,85.75,0.05
2026-09-26 15:45:00,86.0,0.141
2026-09-26 16:00:00,86.25,0.234
2026-09-26 16:15:00,86.5,0.328
2026-09-26 16:30:00,86.75,0.423
2026-09-26 16:45:00,87.0,0.517
2026-09-26 17:00:00,87.25,0.609
2026-09-26 17:15:00,87.5,0.699
2026-09-26 17:30:00,87.75,0.784
2026-09-26 17:45:00,88.0,0.866
2026-09-26 18:00:00,88.25,0.942
2026-09-26 18:15:00,88.5,1.011
2026-09-26 18:30:00,88.75,1.074
2026-09-26 18:45:00,89.0,1.128
2026-09-26 19:00:00,89.25,1.174
2026-09-26 19:15:00,89.5,1.211
2026-09-26 19:30:00,89.75,1.239
2026-09-26 19:45:00,90.0,1.257
2026-09-26 20:00:00,90.25,1.265
2026-09-26 20:15:00,90.5,1.263
2026-09-26 20:30:00,90.75,1.252
2026-09-26 20:45:00,91.0,1.23
2026-09-26 21:00:00,91.25,1.199
2026-09-26 21:15:00,91.5,1.16
2026-09-26 21:30:00,91.75,1.111
2026-09-26 21:45:00,92.0,1.055
2026-09-26 22:00:00,92.25,0.991
2026-09-26 22:15:00,92.5,0.921
2026-09-26 22:30:00,92.75,0.845
2026-09-26 22:45:00,93.0,0.765
2026-09-26 23:00:00,93.25,0.681
2026-09-26 23:15:00,93.5,0.594
2026-09-26 23:30:00,93.75,0.504
2026-09-26 23:45:00,94.0,0.414
2026-09-27 00:00:00,94.25,0.325
2026-09-27 00:15:00,94.5,0.236
2026-09-27 00:30:00,94.75,0.148
2026-09-27 00:45:00,95.0,0.064
2026-09-27 01:00:00,95.25,-0.017
2026-09-27 01:15:00,95.5,-0.094
2026-09-27 01:30:00,95.75,-0.166
2026-09-27 01:45:00,96.0,-0.233
2026-09-27 02:00:00,96.25,-0.294
2026-09-27 02:15:00,96.5,-0.349
2026-09-27 02:30:00,96.75,-0.398
2026-09-27 02:45:00,97.0,-0.44
2026-09-27 03:00:00,97.25,-0.476
2026-09-27 03:15:00,97.5,-0.506
2026-09-27 03:30:00,97.75,-0.53
2026-09-27 03:45:00,98.0,-0.548
2026-09-27 04:00:00,98.25,-0.56
2026-09-27 04:15:00,98.5,-0.567
2026-09-27 04:30:00,98.75,-0.57
2026-09-27 04:45:00,99.0,-0.569
2026-09-27 05:00:00,99.25,-0.564
2026-09-27 05:15:00,99.5,-0.557
2026-09-27 05:30:00,99.75,-0.547
2026-09-27 05:45:00,100.0,-0.536
2026-09-27 06:00:00,100.25,-0.523
2026-09-27 06:15:00,100.5,-0.511
2026-09-27 06:30:00,100.75,-0.499
2026-09-27 06:45:00,101.0,-0.488
2026-09-27 07:00:00,101.25,-0.478
2026-09-27 07:15:00,101.5,-0.47
2026-09-27 07:30:00,101.75,-0.464
2026-09-27 07:45:00,102.0,-0.461
2026-09-27 08:00:00,102.25,-0.46
2026-09-27 08:15:00,102.5,-0.462
2026-09-27 08:30:00,102.75,-0.467
2026-09-27 08:45:00,103.0,-0.474
2026-09-27 09:00:00,103.25,-0.485
2026-09-27 09:15:00,103.5,-0.497
2026-09-27 09:30:00,103.75,-0.512
2026-09-27 09:45:00,104.0,-0.528
2026-09-27 10:00:00,104.25,-0.546
2026-09-27 10:15:00,104.5,-0.565
2026-09-27 10:30:00,104.75,-0.583
2026-09-27 10:45:00,105.0,-0.601
2026-09-27 11:00:00,105.25,-0.619
2026-09-27 11:15:00,105.5,-0.634
2026-09-27 11:30:00,105.75,-0.647
2026-09-27 11:45:00,106.0,-0.658
2026-09-27 12:00:00,106.25,-0.664
2026-09-27 12:15:00,106.5,-0.667
2026-09-27 12:30:00,106.75,-0.664
2026-09-27 12:45:00,107.0,-0.657
2026-09-27 13:00:00,107.25,-0.643
2026-09-27 13:15:00,107.5,-0.624
2026-09-27 13:30:00,107.75,-0.599
2026-09-27 13:45:00,108.0,-0.567
2026-09-27 14:00:00,108.25,-0.528
2026-09-27 14:15:00,108.5,-0.483
2026-09-27 14:30:00,108.75,-0.431
2026-09-27 14:45:00,109.0,-0.373
2026-09-27 15:00:00,109.25,-0.31
2026-09-27 15:15:00,109.5,-0.241
2026-09-27 15:30:00,109.75,-0.166
2026-09-27 15:45:00,110.0,-0.088
2026-09-27 16:00:00,110.25,-0.005
2026-09-27 16:15:00,110.5,0.08
2026-09-27 16:30:00,110.75,0.168
2026-09-27 16:45:00,111.0,0.257
2026-09-27 17:00:00,111.25,0.346
2026-09-27 17:15:00,111.5,0.435
2026-09-27 17:30:00,111.75,0.523
2026-09-27 17:45:00,112.0,0.608
2026-09-27 18:00:00,112.25,0.69
2026-09-27 18:15:00,112.5,0.768
2026-09-27 18:30:00,112.75,0.841
2026-09-27 18:45:00,113.0,0.908
2026-09-27 19:00:00,113.25,0.969
2026-09-27 19:15:00,113.5,1.022
2026-09-27 19:30:00,113.75,1.068
2026-09-27 19:45:00,114.0,1.105
2026-09-27 20:00:00,114.25,1.134
2026-09-27 20:15:00,114.5,1.153
2026-09-27 20:30:00,114.75,1.164
2026-09-27 20:45:00,115.0,1.165
2026-09-27 21:00:00,115.25,1.157
2026-09-27 21:15:00,115.5,1.14
2026-09-27 21:30:00,115.75,1.114
2026-09-27 21:45:00,116.0,1.08
2026-09-27 22:00:00,116.25,1.038
2026-09-27 22:15:00,116.5,0.988
2026-09-27 22:30:00,116.75,0.932
2026-09-27 22:45:00,117.0,0.87
2026-09-27 23:00:00,117.25,0.802
2026-09-27 23:15:00,117.5,0.73
2026-09-27 23:30:00,117.75,0.654
2026-09-27 23:45:00,118.0,0.576
2026-09-28 00:00:00,118.25,0.495
2026-09-28 00:15:00,118.5,0.414
2026-09-28 00:30:00,118.75,0.333
2026-09-28 00:45:00,119.0,0.252
2026-09-28 01:00:00,119.25,0.173
2026-09-28 01:15:00,119.5,0.096
2026-09-28 01:30:00,119.75,0.023
2026-09-28 01:45:00,120.0,-0.047
2026-09-28 02:00:00,120.25,-0.113
2026-09-28 02:15:00,120.5,-0.174
2026-09-28 02:30:00,120.75,-0.23
2026-09-28 02:45:00,121.0,-0.28
2026-09-28 03:00:00,121.25,-0.325
2026-09-28 03:15:00,121.5,-0.364
2026-09-28 03:30:00,121.75,-0.397
2026-09-28 03:45:00,122.0,-0.424
2026-09-28 04:00:00,122.25,-0.446
2026-09-28 04:15:00,122.5,-0.463
2026-09-28 04:30:00,122.75,-0.474
2026-09-28 04:45:00,123.0,-0.481
2026-09-28 05:00:00,123.25,-0.484
2026-09-28 05:15:00,123.5,-0.484
2026-09-28 05:30:00,123.75,-0.48
2026-09-28 05:45:00,124.0,-0.474
2026-09-28 06:00:00,124.25,-0.465
2026-09-28 06:15:00,124.5,-0.456
2026-09-28 06:30:00,124.75,-0.445
2026-09-28 06:45:00,125.0,-0.435
2026-09-28 07:00:00,125.25,-0.425
2026-09-28 07:15:00,125.5,-0.415
2026-09-28 07:30:00,125.75,-0.407
2026-09-28 07:45:00,126.0,-0.401
2026-09-28 08:00:00,126.25,-0.396
2026-09-28 08:15:00,126.5,-0.394
2026-09-28 08:30:00,126.75,-0.395
2026-09-28 08:45:00,127.0,-0.398
2026-09-28 09:00:00,127.25,-0.403
2026-09-28 09:15:00,127.5,-0.412
2026-09-28 09:30:00,127.75,-0.422
2026-09-28 09:45:00,128.0,-0.435
2026-09-28 10:00:00,128.25,-0.45
2026-09-28 10:15:00,128.5,-0.467
2026-09-28 10:30:00,128.75,-0.484
2026-09-28 10:45:00,129.0,-0.503
2026-09-28 11:00:00,129.25,-0.522
2026-09-28 11:15:00,129.5,-0.54
2026-09-28 11:30:00,129.75,-0.558
2026-09-28 11:45:00,130.0,-0.574
2026-09-28 12:00:00,130.25,-0.588
2026-09-28 12:15:00,130.5,-0.6
2026-09-28 12:30:00,130.75,-0.608
2026-09-28 12:45:00,131.0,-0.613
2026-09-28 13:00:00,131.25,-0.613
2026-09-28 13:15:00,131.5,-0.609
2026-09-28 13:30:00,131.75,-0.599
2026-09-28 13:45:00,132.0,-0.584
2026-09-28 14:00:00,132.25,-0.564
2026-09-28 14:15:00,132.5,-0.537
2026-09-28 14:30:00,132.75,-0.505
2026-09-28 14:45:00,133.0,-0.467
2026-09-28 15:00:00,133.25,-0.423
2026-09-28 15:15:00,133.5,-0.373
2026-09-28 15:30:00,133.75,-0.318
2026-09-28 15:45:00,134.0,-0.258
2026-09-28 16:00:00,134.25,-0.193
2026-09-28 16:15:00,134.5,-0.124
2026-09-28 16:30:00,134.75,-0.052
2026-09-28 16:45:00,135.0,0.023
2026-09-28 17:00:00,135.25,0.101
2026-09-28 17:15:00,135.5,0.18
2026-09-28 17:30:00,135.75,0.259
2026-09-28 17:45:00,136.0,0.338
2026-09-28 18:00:00,136.25,0.416
2026-09-28 18:15:00,136.5,0.492
2026-09-28 18:30:00,136.75,0.566
2026-09-28 18:45:00,137.0,0.636
2026-09-28 19:00:00,137.25,0.702
2026-09-28 19:15:00,137.5,0.763
2026-09-28 19:30:00,137.75,0.818
2026-09-28 19:45:00,138.0,0.867
2026-09-28 20:00:00,138.25,0.909
2026-09-28 20:15:00,138.5,0.944
2026-09-28 20:30:00,138.75,0.972
2026-09-28 20:45:00,139.0,0.991
2026-09-28 21:00:00,139.25,1.003
2026-09-28 21:15:00,139.5,1.006
2026-09-28 21:30:00,139.75,1.002
2026-09-28 21:45:00,140.0,0.99
2026-09-28 22:00:00,140.25,0.969
2026-09-28 22:15:00,140.5,0.942
2026-09-28 22:30:00,140.75,0.907
2026-09-28 22:45:00,141.0,0.866
2026-09-28 23:00:00,141.25,0.819
2026-09-28 23:15:00,141.5,0.767
2026-09-28 23:30:00,141.75,0.71
2026-09-28 23:45:00,142.0,0.648
2026-09-29 00:00:00,142.25,0.584
2026-09-29 00:15:00,142.5,0.517
2026-09-29 00:30:00,142.75,0.448
2026-09-29 00:45:00,143.0,0.379
2026-09-29 01:00:00,143.25,0.309
2026-09-29 01:15:00,143.5,0.24
2026-09-29 01:30:00,143.75,0.172
2026-09-29 01:45:00,144.0,0.106
2026-09-29 02:00:00,144.25,0.043
2026-09-29 02:15:00,144.5,-0.018
2026-09-29 02:30:00,144.75,-0.074
2026-09-29 02:45:00,145.0,-0.127
2026-09-29 03:00:00,145.25,-0.175
2026-09-29 03:15:00,145.5,-0.218
2026-09-29 03:30:00,145.75,-0.256
