scenario,start_HECRAS,end_HECRAS,n_values,total_mm
D1,20JUL2022 10:15,22JUL2022 06:30,178,130.6
D2,17MAY2022 06:45,19MAY2022 04:15,183,116.3
D3,02SEP2024 13:15,05SEP2024 04:00,252,91.8
D4,06SEP2022 09:15,08SEP2022 03:00,168,52.1
D5,28SEP2020 06:15,29SEP2020 23:00,164,33.1
L1,06SEP2025 06:45,13SEP2025 02:30,656,103.4
L2,21SEP2021 03:00,25SEP2021 10:00,413,70.9
L3,03SEP2025 10:30,07SEP2025 14:00,399,58.4
M1,23SEP2026 01:45,29SEP2026 03:30,584,351.5
M2,31OCT2025 02:00,06NOV2025 03:45,584,188.2
M3,03SEP2022 18:30,09SEP2022 20:15,584,191.5
M4,25SEP2020 11:15,01OCT2020 13:00,584,104.8
S1,03OCT2022 04:30,04OCT2022 16:00,143,115.9
S2,10MAY2025 08:15,11MAY2025 16:15,129,76.6
S3,13SEP2022 05:15,14SEP2022 22:00,164,78.9
S4,08NOV2023 07:45,09NOV2023 12:45,117,35.9
S5,02OCT2021 05:30,03OCT2021 10:15,116,20.7
X1,03OCT2022 04:30,04OCT2022 16:00,143,150.7
X2,20JUL2022 10:15,22JUL2022 06:30,178,163.2
