datetime_local,elapsed_h,precip_mm_per_15min
2022-10-03 04:30:00,0.0,0.0
2022-10-03 04:45:00,0.25,0.0
2022-10-03 05:00:00,0.5,0.0
2022-10-03 05:15:00,0.75,0.0
2022-10-03 05:30:00,1.0,0.0
2022-10-03 05:45:00,1.25,0.0
2022-10-03 06:00:00,1.5,0.0
2022-10-03 06:15:00,1.75,0.0
2022-10-03 06:30:00,2.0,14.733
2022-10-03 06:45:00,2.25,15.513
2022-10-03 07:00:00,2.5,18.46
2022-10-03 07:15:00,2.75,4.16
2022-10-03 07:30:00,3.0,19.067
2022-10-03 07:45:00,3.25,13.347
2022-10-03 08:00:00,3.5,12.523
2022-10-03 08:15:00,3.75,3.25
2022-10-03 08:30:00,4.0,7.627
2022-10-03 08:45:00,4.25,5.59
2022-10-03 09:00:00,4.5,9.143
2022-10-03 09:15:00,4.75,7.713
2022-10-03 09:30:00,5.0,8.277
2022-10-03 09:45:00,5.25,2.903
2022-10-03 10:00:00,5.5,0.433
2022-10-03 10:15:00,5.75,0.39
2022-10-03 10:30:00,6.0,0.477
2022-10-03 10:45:00,6.25,0.52
2022-10-03 11:00:00,6.5,1.43
2022-10-03 11:15:00,6.75,1.083
2022-10-03 11:30:00,7.0,0.953
2022-10-03 11:45:00,7.25,0.693
2022-10-03 12:00:00,7.5,1.213
2022-10-03 12:15:00,7.75,0.693
2022-10-03 12:30:00,8.0,0.13
2022-10-03 12:45:00,8.25,0.0
2022-10-03 13:00:00,8.5,0.0
2022-10-03 13:15:00,8.75,0.13
2022-10-03 13:30:00,9.0,0.0
2022-10-03 13:45:00,9.25,0.0
2022-10-03 14:00:00,9.5,0.087
2022-10-03 14:15:00,9.75,0.0
2022-10-03 14:30:00,10.0,0.0
2022-10-03 14:45:00,10.25,0.0
2022-10-03 15:00:00,10.5,0.0
2022-10-03 15:15:00,10.75,0.0
2022-10-03 15:30:00,11.0,0.087
2022-10-03 15:45:00,11.25,0.0
2022-10-03 16:00:00,11.5,0.087
2022-10-03 16:15:00,11.75,0.0
2022-10-03 16:30:00,12.0,0.0
2022-10-03 16:45:00,12.25,0.0
2022-10-03 17:00:00,12.5,0.0
2022-10-03 17:15:00,12.75,0.0
2022-10-03 17:30:00,13.0,0.0
2022-10-03 17:45:00,13.25,0.0
2022-10-03 18:00:00,13.5,0.0
2022-10-03 18:15:00,13.75,0.0
2022-10-03 18:30:00,14.0,0.0
2022-10-03 18:45:00,14.25,0.0
2022-10-03 19:00:00,14.5,0.0
2022-10-03 19:15:00,14.75,0.0
2022-10-03 19:30:00,15.0,0.0
2022-10-03 19:45:00,15.25,0.0
2022-10-03 20:00:00,15.5,0.0
2022-10-03 20:15:00,15.75,0.0
2022-10-03 20:30:00,16.0,0.0
2022-10-03 20:45:00,16.25,0.0
2022-10-03 21:00:00,16.5,0.0
2022-10-03 21:15:00,16.75,0.0
2022-10-03 21:30:00,17.0,0.0
2022-10-03 21:45:00,17.25,0.0
2022-10-03 22:00:00,17.5,0.0
2022-10-03 22:15:00,17.75,0.0
2022-10-03 22:30:00,18.0,0.0
2022-10-03 22:45:00,18.25,0.0
2022-10-03 23:00:00,18.5,0.0
2022-10-03 23:15:00,18.75,0.0
2022-10-03 23:30:00,19.0,0.0
2022-10-03 23:45:00,19.25,0.0
2022-10-04 00:00:00,19.5,0.0
2022-10-04 00:15:00,19.75,0.0
2022-10-04 00:30:00,20.0,0.0
2022-10-04 00:45:00,20.25,0.0
2022-10-04 01:00:00,20.5,0.0
2022-10-04 01:15:00,20.75,0.0
2022-10-04 01:30:00,21.0,0.0
2022-10-04 01:45:00,21.25,0.0
2022-10-04 02:00:00,21.5,0.0
2022-10-04 02:15:00,21.75,0.0
2022-10-04 02:30:00,22.0,0.0
2022-10-04 02:45:00,22.25,0.0
2022-10-04 03:00:00,22.5,0.0
2022-10-04 03:15:00,22.75,0.0
2022-10-04 03:30:00,23.0,0.0
2022-10-04 03:45:00,23.25,0.0
2022-10-04 04:00:00,23.5,0.0
2022-10-04 04:15:00,23.75,0.0
2022-10-04 04:30:00,24.0,0.0
2022-10-04 04:45:00,24.25,0.0
2022-10-04 05:00:00,24.5,0.0
2022-10-04 05:15:00,24.75,0.0
2022-10-04 05:30:00,25.0,0.0
2022-10-04 05:45:00,25.25,0.0
2022-10-04 06:00:00,25.5,0.0
2022-10-04 06:15:00,25.75,0.0
2022-10-04 06:30:00,26.0,0.0
2022-10-04 06:45:00,26.25,0.0
2022-10-04 07:00:00,26.5,0.0
2022-10-04 07:15:00,26.75,0.0
2022-10-04 07:30:00,27.0,0.0
2022-10-04 07:45:00,27.25,0.0
2022-10-04 08:00:00,27.5,0.0
2022-10-04 08:15:00,27.75,0.0
2022-10-04 08:30:00,28.0,0.0
2022-10-04 08:45:00,28.25,0.0
2022-10-04 09:00:00,28.5,0.0
2022-10-04 09:15:00,28.75,0.0
2022-10-04 09:30:00,29.0,0.0
2022-10-04 09:45:00,29.25,0.0
2022-10-04 10:00:00,29.5,0.0
2022-10-04 10:15:00,29.75,0.0
2022-10-04 10:30:00,30.0,0.0
2022-10-04 10:45:00,30.25,0.0
2022-10-04 11:00:00,30.5,0.0
2022-10-04 11:15:00,30.75,0.0
2022-10-04 11:30:00,31.0,0.0
2022-10-04 11:45:00,31.25,0.0
2022-10-04 12:00:00,31.5,0.0
2022-10-04 12:15:00,31.75,0.0
2022-10-04 12:30:00,32.0,0.0
2022-10-04 12:45:00,32.25,0.0
2022-10-04 13:00:00,32.5,0.0
2022-10-04 13:15:00,32.75,0.0
2022-10-04 13:30:00,33.0,0.0
2022-10-04 13:45:00,33.25,0.0
2022-10-04 14:00:00,33.5,0.0
2022-10-04 14:15:00,33.75,0.0
2022-10-04 14:30:00,34.0,0.0
2022-10-04 14:45:00,34.25,0.0
2022-10-04 15:00:00,34.5,0.0
2022-10-04 15:15:00,34.75,0.0
2022-10-04 15:30:00,35.0,0.0
2022-10-04 15:45:00,35.25,0.0
2022-10-04 16:00:00,35.5,0.0
